epoch,acc,loss,val_acc,val_loss
0,0.790575973012,0.492559775304,0.98049326241,0.101700974256
