epoch,acc,loss,val_acc,val_loss
0,0.978259703008,0.0809568243047,0.981255850196,0.0667457513511
1,0.979336727933,0.0719989298508,0.981908869743,0.0629587076604
