epoch,acc,loss,val_acc,val_loss
0,0.977833188667,0.0807455315264,0.980945456773,0.069128214987
