epoch,acc,loss,val_acc,val_loss
0,0.977529452287,0.0803883677751,0.981342766434,0.0652888928074
1,0.979582957373,0.0713677276046,0.981478369236,0.0639878822025
